site_num,poc,date_local,pm25_daily_mean,site_name
0002,1,2024-01-01,17.3,Camden Spruce Street
0002,1,2024-01-04,9.4,Camden Spruce Street
0002,1,2024-01-07,4.5,Camden Spruce Street
0002,1,2024-01-10,17.1,Camden Spruce Street
0002,1,2024-01-13,6.7,Camden Spruce Street
0002,1,2024-01-14,5.1,Camden Spruce Street
0002,1,2024-01-19,15.2,Camden Spruce Street
0002,1,2024-01-22,11.7,Camden Spruce Street
0002,1,2024-01-31,5.6,Camden Spruce Street
0002,1,2024-02-03,2.8,Camden Spruce Street
0002,1,2024-02-06,3.7,Camden Spruce Street
0002,1,2024-02-09,12.6,Camden Spruce Street
0002,1,2024-02-12,8.8,Camden Spruce Street
0002,1,2024-02-15,6.5,Camden Spruce Street
0002,1,2024-02-18,12.4,Camden Spruce Street
0002,1,2024-02-21,4.4,Camden Spruce Street
0002,1,2024-02-24,5.8,Camden Spruce Street
0002,1,2024-02-27,12.5,Camden Spruce Street
0002,1,2024-03-01,5.5,Camden Spruce Street
0002,1,2024-03-04,5.5,Camden Spruce Street
0002,1,2024-03-07,2.1,Camden Spruce Street
0002,1,2024-03-10,2.2,Camden Spruce Street
0002,1,2024-03-13,16.4,Camden Spruce Street
0002,1,2024-03-16,5.2,Camden Spruce Street
0002,1,2024-03-19,5.3,Camden Spruce Street
0002,1,2024-03-22,4.6,Camden Spruce Street
0002,1,2024-03-25,4.5,Camden Spruce Street
0002,1,2024-03-28,5.8,Camden Spruce Street
0002,1,2024-03-31,6.3,Camden Spruce Street
0002,1,2024-04-03,1.8,Camden Spruce Street
0002,1,2024-04-06,1.7,Camden Spruce Street
0002,1,2024-04-09,10.4,Camden Spruce Street
0002,1,2024-04-12,8.6,Camden Spruce Street
0002,1,2024-04-15,11,Camden Spruce Street
0002,1,2024-04-18,5,Camden Spruce Street
0002,1,2024-04-21,3.7,Camden Spruce Street
0002,1,2024-04-24,8.6,Camden Spruce Street
0002,1,2024-04-27,4.9,Camden Spruce Street
0002,1,2024-04-30,14.2,Camden Spruce Street
0002,1,2024-05-03,4.4,Camden Spruce Street
0002,1,2024-05-06,9,Camden Spruce Street
0002,1,2024-05-09,5.1,Camden Spruce Street
0002,1,2024-05-15,4.3,Camden Spruce Street
0002,1,2024-05-18,12.7,Camden Spruce Street
0002,1,2024-05-21,8.8,Camden Spruce Street
0002,1,2024-05-24,9.8,Camden Spruce Street
0002,1,2024-05-27,7.7,Camden Spruce Street
0002,1,2024-05-30,4.8,Camden Spruce Street
0002,1,2024-06-02,12.9,Camden Spruce Street
0002,1,2024-06-05,10,Camden Spruce Street
0002,1,2024-06-08,5.6,Camden Spruce Street
0002,1,2024-06-11,4.7,Camden Spruce Street
0002,1,2024-06-14,11.2,Camden Spruce Street
0002,2,2024-01-01,17.1,Camden Spruce Street
0002,2,2024-01-31,4.7,Camden Spruce Street
0002,2,2024-02-06,3.7,Camden Spruce Street
0002,2,2024-02-12,8.4,Camden Spruce Street
0002,2,2024-02-18,12.3,Camden Spruce Street
0002,2,2024-02-24,5.7,Camden Spruce Street
0002,2,2024-03-01,5.6,Camden Spruce Street
0002,2,2024-03-07,2.1,Camden Spruce Street
0002,2,2024-03-13,16.6,Camden Spruce Street
0002,2,2024-03-19,5,Camden Spruce Street
0002,2,2024-03-25,4.3,Camden Spruce Street
0002,2,2024-03-31,6.5,Camden Spruce Street
0002,2,2024-04-06,1.7,Camden Spruce Street
0002,2,2024-04-12,8.2,Camden Spruce Street
0002,2,2024-04-18,4.7,Camden Spruce Street
0002,2,2024-04-24,9.4,Camden Spruce Street
0002,2,2024-04-30,14.1,Camden Spruce Street
0002,2,2024-05-06,9.3,Camden Spruce Street
0002,2,2024-05-12,4.2,Camden Spruce Street
0002,2,2024-05-18,13.4,Camden Spruce Street
0002,2,2024-05-24,10.1,Camden Spruce Street
0002,2,2024-05-30,6.7,Camden Spruce Street
0002,2,2024-06-05,10.3,Camden Spruce Street
0002,2,2024-06-11,5,Camden Spruce Street
0002,2,2024-06-17,9,Camden Spruce Street
0002,3,2024-01-01,17.3,Camden Spruce Street
0002,3,2024-01-01,17.35,Camden Spruce Street
0002,3,2024-01-02,5.3,Camden Spruce Street
0002,3,2024-01-02,5.352174,Camden Spruce Street
0002,3,2024-01-03,19.3,Camden Spruce Street
0002,3,2024-01-03,19.3875,Camden Spruce Street
0002,3,2024-01-04,9.1,Camden Spruce Street
0002,3,2024-01-04,9.126087,Camden Spruce Street
0002,3,2024-01-05,10.6,Camden Spruce Street
0002,3,2024-01-05,10.608333,Camden Spruce Street
0002,3,2024-01-06,11.8,Camden Spruce Street
0002,3,2024-01-06,11.825,Camden Spruce Street
0002,3,2024-01-07,5.2,Camden Spruce Street
0002,3,2024-01-07,5.254167,Camden Spruce Street
0002,3,2024-01-08,6.7,Camden Spruce Street
0002,3,2024-01-08,6.741667,Camden Spruce Street
0002,3,2024-01-09,9.8,Camden Spruce Street
0002,3,2024-01-09,9.854167,Camden Spruce Street
0002,3,2024-01-10,15.3,Camden Spruce Street
0002,3,2024-01-10,15.395652,Camden Spruce Street
0002,3,2024-01-11,7.4,Camden Spruce Street
0002,3,2024-01-11,7.470833,Camden Spruce Street
0002,3,2024-01-12,9.6,Camden Spruce Street
0002,3,2024-01-12,9.695833,Camden Spruce Street
0002,3,2024-01-13,6.7,Camden Spruce Street
0002,3,2024-01-13,6.770833,Camden Spruce Street
0002,3,2024-01-14,6.1,Camden Spruce Street
0002,3,2024-01-14,6.1,Camden Spruce Street
0002,3,2024-01-15,6.8,Camden Spruce Street
0002,3,2024-01-15,6.845833,Camden Spruce Street
0002,3,2024-01-16,9.1,Camden Spruce Street
0002,3,2024-01-16,9.1875,Camden Spruce Street
0002,3,2024-01-17,12.3,Camden Spruce Street
0002,3,2024-01-17,12.383333,Camden Spruce Street
0002,3,2024-01-18,14.2,Camden Spruce Street
0002,3,2024-01-18,14.270833,Camden Spruce Street
0002,3,2024-01-19,13.9,Camden Spruce Street
0002,3,2024-01-19,13.958333,Camden Spruce Street
0002,3,2024-01-20,3.6,Camden Spruce Street
0002,3,2024-01-20,3.629167,Camden Spruce Street
0002,3,2024-01-21,3.8,Camden Spruce Street
0002,3,2024-01-21,3.825,Camden Spruce Street
0002,3,2024-01-22,11.2,Camden Spruce Street
0002,3,2024-01-22,11.291667,Camden Spruce Street
0002,3,2024-01-23,18.6,Camden Spruce Street
0002,3,2024-01-23,18.6375,Camden Spruce Street
0002,3,2024-01-24,14.6,Camden Spruce Street
0002,3,2024-01-24,14.65,Camden Spruce Street
0002,3,2024-01-25,15.2,Camden Spruce Street
0002,3,2024-01-25,15.283333,Camden Spruce Street
0002,3,2024-01-26,5.1,Camden Spruce Street
0002,3,2024-01-26,5.186957,Camden Spruce Street
0002,3,2024-01-27,3.3,Camden Spruce Street
0002,3,2024-01-27,3.3875,Camden Spruce Street
0002,3,2024-01-28,1.7,Camden Spruce Street
0002,3,2024-01-28,1.713043,Camden Spruce Street
0002,3,2024-01-29,1.7,Camden Spruce Street
0002,3,2024-01-29,1.73913,Camden Spruce Street
0002,3,2024-01-30,2.8,Camden Spruce Street
0002,3,2024-01-30,2.808333,Camden Spruce Street
0002,3,2024-01-31,4,Camden Spruce Street
0002,3,2024-01-31,4.041667,Camden Spruce Street
0002,3,2024-02-01,15.6,Camden Spruce Street
0002,3,2024-02-01,15.629167,Camden Spruce Street
0002,3,2024-02-02,6.8,Camden Spruce Street
0002,3,2024-02-02,6.858333,Camden Spruce Street
0002,3,2024-02-03,2.3,Camden Spruce Street
0002,3,2024-02-03,2.3125,Camden Spruce Street
0002,3,2024-02-04,6.8,Camden Spruce Street
0002,3,2024-02-04,6.883333,Camden Spruce Street
0002,3,2024-02-05,5.4,Camden Spruce Street
0002,3,2024-02-05,5.416667,Camden Spruce Street
0002,3,2024-02-06,4.3,Camden Spruce Street
0002,3,2024-02-06,4.35,Camden Spruce Street
0002,3,2024-02-07,7,Camden Spruce Street
0002,3,2024-02-07,7.045833,Camden Spruce Street
0002,3,2024-02-08,12.4,Camden Spruce Street
0002,3,2024-02-08,12.466667,Camden Spruce Street
0002,3,2024-02-09,11.9,Camden Spruce Street
0002,3,2024-02-09,11.975,Camden Spruce Street
0002,3,2024-02-10,21.2,Camden Spruce Street
0002,3,2024-02-10,21.229167,Camden Spruce Street
0002,3,2024-02-11,11.9,Camden Spruce Street
0002,3,2024-02-11,11.9125,Camden Spruce Street
0002,3,2024-02-12,8.2,Camden Spruce Street
0002,3,2024-02-12,8.25,Camden Spruce Street
0002,3,2024-02-13,6.1,Camden Spruce Street
0002,3,2024-02-13,6.166667,Camden Spruce Street
0002,3,2024-02-14,5.3,Camden Spruce Street
0002,3,2024-02-14,5.386364,Camden Spruce Street
0002,3,2024-02-15,6.6,Camden Spruce Street
0002,3,2024-02-15,6.679167,Camden Spruce Street
0002,3,2024-02-16,8.4,Camden Spruce Street
0002,3,2024-02-16,8.4,Camden Spruce Street
0002,3,2024-02-17,4.9,Camden Spruce Street
0002,3,2024-02-17,4.934783,Camden Spruce Street
0002,3,2024-02-18,12.2,Camden Spruce Street
0002,3,2024-02-18,12.233333,Camden Spruce Street
0002,3,2024-02-19,12.2,Camden Spruce Street
0002,3,2024-02-19,12.275,Camden Spruce Street
0002,3,2024-02-20,4.2,Camden Spruce Street
0002,3,2024-02-20,4.2875,Camden Spruce Street
0002,3,2024-02-21,5.3,Camden Spruce Street
0002,3,2024-02-21,5.345833,Camden Spruce Street
0002,3,2024-02-22,7.5,Camden Spruce Street
0002,3,2024-02-22,7.5125,Camden Spruce Street
0002,3,2024-02-23,9.8,Camden Spruce Street
0002,3,2024-02-23,9.841667,Camden Spruce Street
0002,3,2024-02-24,5.8,Camden Spruce Street
0002,3,2024-02-24,5.808696,Camden Spruce Street
0002,3,2024-02-25,4.8,Camden Spruce Street
0002,3,2024-02-25,4.825,Camden Spruce Street
0002,3,2024-02-26,10.1,Camden Spruce Street
0002,3,2024-02-26,10.1875,Camden Spruce Street
0002,3,2024-02-27,13.2,Camden Spruce Street
0002,3,2024-02-27,13.204167,Camden Spruce Street
0002,3,2024-02-28,9.6,Camden Spruce Street
0002,3,2024-02-28,9.643478,Camden Spruce Street
0002,3,2024-02-29,7.2,Camden Spruce Street
0002,3,2024-02-29,7.230435,Camden Spruce Street
0002,3,2024-03-01,6.8,Camden Spruce Street
0002,3,2024-03-01,6.8875,Camden Spruce Street
0002,3,2024-03-02,5,Camden Spruce Street
0002,3,2024-03-02,5.016667,Camden Spruce Street
0002,3,2024-03-03,4.3,Camden Spruce Street
0002,3,2024-03-03,4.391667,Camden Spruce Street
0002,3,2024-03-04,6.4,Camden Spruce Street
0002,3,2024-03-04,6.495455,Camden Spruce Street
0002,3,2024-03-05,3.4,Camden Spruce Street
0002,3,2024-03-05,3.454167,Camden Spruce Street
0002,3,2024-03-06,5.9,Camden Spruce Street
0002,3,2024-03-06,5.925,Camden Spruce Street
0002,3,2024-03-07,2,Camden Spruce Street
0002,3,2024-03-07,2.004167,Camden Spruce Street
0002,3,2024-03-08,2.5,Camden Spruce Street
0002,3,2024-03-08,2.59,Camden Spruce Street
0002,3,2024-03-09,6.2,Camden Spruce Street
0002,3,2024-03-09,6.256522,Camden Spruce Street
0002,3,2024-03-10,2.9,Camden Spruce Street
0002,3,2024-03-10,2.929167,Camden Spruce Street
0002,3,2024-03-11,5.5,Camden Spruce Street
0002,3,2024-03-11,5.595652,Camden Spruce Street
0002,3,2024-03-12,15.8,Camden Spruce Street
0002,3,2024-03-12,15.808333,Camden Spruce Street
0002,3,2024-03-13,19.1,Camden Spruce Street
0002,3,2024-03-13,19.1,Camden Spruce Street
0002,3,2024-03-14,16,Camden Spruce Street
0002,3,2024-03-14,16.058333,Camden Spruce Street
0002,3,2024-03-15,11.7,Camden Spruce Street
0002,3,2024-03-15,11.768182,Camden Spruce Street
0002,3,2024-03-16,5.2,Camden Spruce Street
0002,3,2024-03-16,5.230435,Camden Spruce Street
0002,3,2024-03-17,4.3,Camden Spruce Street
0002,3,2024-03-17,4.352174,Camden Spruce Street
0002,3,2024-03-18,4,Camden Spruce Street
0002,3,2024-03-18,4.043478,Camden Spruce Street
0002,3,2024-03-19,6.1,Camden Spruce Street
0002,3,2024-03-19,6.129167,Camden Spruce Street
0002,3,2024-03-20,7.8,Camden Spruce Street
0002,3,2024-03-20,7.821739,Camden Spruce Street
0002,3,2024-03-21,4.8,Camden Spruce Street
0002,3,2024-03-21,4.841667,Camden Spruce Street
0002,3,2024-03-22,5.3,Camden Spruce Street
0002,3,2024-03-22,5.329167,Camden Spruce Street
0002,3,2024-03-23,4.2,Camden Spruce Street
0002,3,2024-03-23,4.291667,Camden Spruce Street
0002,3,2024-03-24,3.8,Camden Spruce Street
0002,3,2024-03-24,3.883333,Camden Spruce Street
0002,3,2024-03-25,4.6,Camden Spruce Street
0002,3,2024-03-25,4.604167,Camden Spruce Street
0002,3,2024-03-26,6.8,Camden Spruce Street
0002,3,2024-03-26,6.8125,Camden Spruce Street
0002,3,2024-03-27,5.1,Camden Spruce Street
0002,3,2024-03-27,5.1375,Camden Spruce Street
0002,3,2024-03-28,6.2,Camden Spruce Street
0002,3,2024-03-28,6.291667,Camden Spruce Street
0002,3,2024-03-29,6.5,Camden Spruce Street
0002,3,2024-03-29,6.545833,Camden Spruce Street
0002,3,2024-03-30,6.7,Camden Spruce Street
0002,3,2024-03-30,6.7375,Camden Spruce Street
0002,3,2024-03-31,6.6,Camden Spruce Street
0002,3,2024-03-31,6.625,Camden Spruce Street
0002,3,2024-04-01,9.3,Camden Spruce Street
0002,3,2024-04-01,9.308333,Camden Spruce Street
0002,3,2024-04-02,8.2,Camden Spruce Street
0002,3,2024-04-02,8.2125,Camden Spruce Street
0002,3,2024-04-03,1.4,Camden Spruce Street
0002,3,2024-04-03,1.475,Camden Spruce Street
0002,3,2024-04-04,2.166667,Camden Spruce Street
0002,3,2024-04-05,4.6,Camden Spruce Street
0002,3,2024-04-05,4.6,Camden Spruce Street
0002,3,2024-04-06,1.5,Camden Spruce Street
0002,3,2024-04-06,1.586957,Camden Spruce Street
0002,3,2024-04-07,1.7,Camden Spruce Street
0002,3,2024-04-07,1.782609,Camden Spruce Street
0002,3,2024-04-08,8.3,Camden Spruce Street
0002,3,2024-04-08,8.345833,Camden Spruce Street
0002,3,2024-04-09,11,Camden Spruce Street
0002,3,2024-04-09,11.082609,Camden Spruce Street
0002,3,2024-04-10,12.1,Camden Spruce Street
0002,3,2024-04-10,12.15,Camden Spruce Street
0002,3,2024-04-11,8.7,Camden Spruce Street
0002,3,2024-04-11,8.716667,Camden Spruce Street
0002,3,2024-04-12,7.6,Camden Spruce Street
0002,3,2024-04-12,7.683333,Camden Spruce Street
0002,3,2024-04-13,2.7,Camden Spruce Street
0002,3,2024-04-13,2.775,Camden Spruce Street
0002,3,2024-04-14,6.5,Camden Spruce Street
0002,3,2024-04-14,6.56087,Camden Spruce Street
0002,3,2024-04-15,10.7,Camden Spruce Street
0002,3,2024-04-15,10.7875,Camden Spruce Street
0002,3,2024-04-16,4,Camden Spruce Street
0002,3,2024-04-16,4.05,Camden Spruce Street
0002,3,2024-04-17,6.2,Camden Spruce Street
0002,3,2024-04-17,6.2125,Camden Spruce Street
0002,3,2024-04-18,3.6,Camden Spruce Street
0002,3,2024-04-18,3.629167,Camden Spruce Street
0002,3,2024-04-19,3.7,Camden Spruce Street
0002,3,2024-04-19,3.7375,Camden Spruce Street
0002,3,2024-04-20,6.1,Camden Spruce Street
0002,3,2024-04-20,6.13913,Camden Spruce Street
0002,3,2024-04-21,3.5,Camden Spruce Street
0002,3,2024-04-21,3.520833,Camden Spruce Street
0002,3,2024-04-22,4.2,Camden Spruce Street
0002,3,2024-04-22,4.221739,Camden Spruce Street
0002,3,2024-04-23,4.4,Camden Spruce Street
0002,3,2024-04-23,4.495238,Camden Spruce Street
0002,3,2024-04-24,9.1,Camden Spruce Street
0002,3,2024-04-24,9.108333,Camden Spruce Street
0002,3,2024-04-25,2.5,Camden Spruce Street
0002,3,2024-04-25,2.595455,Camden Spruce Street
0002,3,2024-04-26,4.7,Camden Spruce Street
0002,3,2024-04-26,4.791304,Camden Spruce Street
0002,3,2024-04-27,3.6,Camden Spruce Street
0002,3,2024-04-27,3.633333,Camden Spruce Street
0002,3,2024-04-28,10.7,Camden Spruce Street
0002,3,2024-04-28,10.775,Camden Spruce Street
0002,3,2024-04-29,14.3,Camden Spruce Street
0002,3,2024-04-29,14.3,Camden Spruce Street
0002,3,2024-04-30,13.2,Camden Spruce Street
0002,3,2024-04-30,13.291667,Camden Spruce Street
0002,3,2024-05-01,9.4,Camden Spruce Street
0002,3,2024-05-01,9.454167,Camden Spruce Street
0002,3,2024-05-02,12.5,Camden Spruce Street
0002,3,2024-05-02,12.575,Camden Spruce Street
0002,3,2024-05-03,3.5,Camden Spruce Street
0002,3,2024-05-03,3.55,Camden Spruce Street
0002,3,2024-05-04,2.3,Camden Spruce Street
0002,3,2024-05-04,2.3,Camden Spruce Street
0002,3,2024-05-05,4.2,Camden Spruce Street
0002,3,2024-05-05,4.254167,Camden Spruce Street
0002,3,2024-05-06,9.5,Camden Spruce Street
0002,3,2024-05-06,9.5125,Camden Spruce Street
0002,3,2024-05-07,9.1,Camden Spruce Street
0002,3,2024-05-07,9.141667,Camden Spruce Street
0002,3,2024-05-08,13.3,Camden Spruce Street
0002,3,2024-05-08,13.333333,Camden Spruce Street
0002,3,2024-05-09,4.8,Camden Spruce Street
0002,3,2024-05-09,4.879167,Camden Spruce Street
0002,3,2024-05-10,1.8,Camden Spruce Street
0002,3,2024-05-10,1.838095,Camden Spruce Street
0002,3,2024-05-11,3.3,Camden Spruce Street
0002,3,2024-05-11,3.365217,Camden Spruce Street
0002,3,2024-05-12,3.3,Camden Spruce Street
0002,3,2024-05-12,3.391667,Camden Spruce Street
0002,3,2024-05-13,5.6,Camden Spruce Street
0002,3,2024-05-13,5.641667,Camden Spruce Street
0002,3,2024-05-14,5,Camden Spruce Street
0002,3,2024-05-14,5.063636,Camden Spruce Street
0002,3,2024-05-15,3.3,Camden Spruce Street
0002,3,2024-05-15,3.329167,Camden Spruce Street
0002,3,2024-05-16,1.7,Camden Spruce Street
0002,3,2024-05-16,1.758333,Camden Spruce Street
0002,3,2024-05-17,4.8,Camden Spruce Street
0002,3,2024-05-17,4.895833,Camden Spruce Street
0002,3,2024-05-18,12.5,Camden Spruce Street
0002,3,2024-05-18,12.575,Camden Spruce Street
0002,3,2024-05-19,4.2,Camden Spruce Street
0002,3,2024-05-19,4.241667,Camden Spruce Street
0002,3,2024-05-20,7.7,Camden Spruce Street
0002,3,2024-05-20,7.7625,Camden Spruce Street
0002,3,2024-05-21,9.9,Camden Spruce Street
0002,3,2024-05-21,9.9,Camden Spruce Street
0002,3,2024-05-22,10.6,Camden Spruce Street
0002,3,2024-05-22,10.678261,Camden Spruce Street
0002,3,2024-05-23,9.5,Camden Spruce Street
0002,3,2024-05-23,9.583333,Camden Spruce Street
0002,3,2024-05-24,10,Camden Spruce Street
0002,3,2024-05-24,10.004167,Camden Spruce Street
0002,3,2024-05-25,12.8,Camden Spruce Street
0002,3,2024-05-25,12.891667,Camden Spruce Street
0002,3,2024-05-26,12.1,Camden Spruce Street
0002,3,2024-05-26,12.116667,Camden Spruce Street
0002,3,2024-05-27,7.8,Camden Spruce Street
0002,3,2024-05-27,7.820833,Camden Spruce Street
0002,3,2024-05-28,12.1,Camden Spruce Street
0002,3,2024-05-28,12.1,Camden Spruce Street
0002,3,2024-05-29,4.8,Camden Spruce Street
0002,3,2024-05-29,4.843478,Camden Spruce Street
0002,3,2024-05-30,4.7,Camden Spruce Street
0002,3,2024-05-30,4.7125,Camden Spruce Street
0002,3,2024-05-31,9.3,Camden Spruce Street
0002,3,2024-05-31,9.325,Camden Spruce Street
0002,3,2024-06-01,10.1,Camden Spruce Street
0002,3,2024-06-01,10.104167,Camden Spruce Street
0002,3,2024-06-02,15.3,Camden Spruce Street
0002,3,2024-06-02,15.325,Camden Spruce Street
0002,3,2024-06-03,11.4,Camden Spruce Street
0002,3,2024-06-03,11.441667,Camden Spruce Street
0002,3,2024-06-04,11.2,Camden Spruce Street
0002,3,2024-06-04,11.295833,Camden Spruce Street
0002,3,2024-06-05,11,Camden Spruce Street
0002,3,2024-06-05,11,Camden Spruce Street
0002,3,2024-06-06,13.9,Camden Spruce Street
0002,3,2024-06-06,13.9125,Camden Spruce Street
0002,3,2024-06-07,8.9,Camden Spruce Street
0002,3,2024-06-07,8.991667,Camden Spruce Street
0002,3,2024-06-08,5.6,Camden Spruce Street
0002,3,2024-06-08,5.691667,Camden Spruce Street
0002,3,2024-06-09,8.9,Camden Spruce Street
0002,3,2024-06-09,8.958333,Camden Spruce Street
0002,3,2024-06-10,6,Camden Spruce Street
0002,3,2024-06-10,6.091667,Camden Spruce Street
0002,3,2024-06-11,5.2,Camden Spruce Street
0002,3,2024-06-11,5.254167,Camden Spruce Street
0002,3,2024-06-12,8.6,Camden Spruce Street
0002,3,2024-06-12,8.690476,Camden Spruce Street
0002,3,2024-06-13,12.4,Camden Spruce Street
0002,3,2024-06-13,12.466667,Camden Spruce Street
0002,3,2024-06-14,13.1,Camden Spruce Street
0002,3,2024-06-14,13.173913,Camden Spruce Street
0002,3,2024-06-15,4.6,Camden Spruce Street
0002,3,2024-06-15,4.679167,Camden Spruce Street
0002,3,2024-06-16,6.8,Camden Spruce Street
0002,3,2024-06-16,6.895833,Camden Spruce Street
0002,3,2024-06-17,8.8,Camden Spruce Street
0002,3,2024-06-17,8.854167,Camden Spruce Street
0002,3,2024-06-18,9,Camden Spruce Street
0002,3,2024-06-18,9.05,Camden Spruce Street
0002,3,2024-06-19,5.842857,Camden Spruce Street
0010,1,2024-08-07,4.6,South Camden
0010,1,2024-08-10,8.6,South Camden
0010,1,2024-08-13,9.4,South Camden
0010,1,2024-08-16,13.7,South Camden
0010,1,2024-08-22,5.6,South Camden
0010,1,2024-08-28,10.8,South Camden
0010,1,2024-09-03,4.3,South Camden
0010,1,2024-09-06,25.2,South Camden
0010,1,2024-09-09,3.3,South Camden
0010,1,2024-09-12,6.6,South Camden
0010,1,2024-09-15,6.2,South Camden
0010,1,2024-09-18,4.8,South Camden
0010,1,2024-09-21,6.7,South Camden
0010,1,2024-09-24,3.1,South Camden
0010,1,2024-09-27,2.9,South Camden
0010,1,2024-09-30,3.1,South Camden
0010,1,2024-10-03,5.8,South Camden
0010,1,2024-10-06,5,South Camden
0010,1,2024-10-15,5.5,South Camden
0010,1,2024-10-18,4.5,South Camden
0010,1,2024-10-21,9.8,South Camden
0010,1,2024-10-24,5.9,South Camden
0010,1,2024-10-27,4.9,South Camden
0010,1,2024-10-30,9.5,South Camden
0010,1,2024-11-02,2.5,South Camden
0010,1,2024-11-05,7,South Camden
0010,1,2024-11-08,5.1,South Camden
0010,1,2024-11-14,3.9,South Camden
0010,1,2024-11-17,5,South Camden
0010,1,2024-11-20,5.5,South Camden
0010,1,2024-11-23,2.1,South Camden
0010,1,2024-12-02,7.9,South Camden
0010,1,2024-12-05,5.5,South Camden
0010,1,2024-12-08,5.7,South Camden
0010,1,2024-12-11,3.1,South Camden
0010,1,2024-12-17,6,South Camden
0010,1,2024-12-20,5.9,South Camden
0010,1,2024-12-23,7.3,South Camden
0010,1,2024-12-26,16.5,South Camden
0010,1,2024-12-29,3.2,South Camden
0010,2,2024-08-10,9,South Camden
0010,2,2024-08-16,14.9,South Camden
0010,2,2024-08-22,5.9,South Camden
0010,2,2024-08-28,13.7,South Camden
0010,2,2024-09-03,4.8,South Camden
0010,2,2024-09-09,5,South Camden
0010,2,2024-09-15,9.4,South Camden
0010,2,2024-09-21,7.5,South Camden
0010,2,2024-09-27,4.9,South Camden
0010,2,2024-10-03,5.6,South Camden
0010,2,2024-10-09,7.3,South Camden
0010,2,2024-10-15,4.7,South Camden
0010,2,2024-10-27,3.2,South Camden
0010,2,2024-11-02,4.5,South Camden
0010,2,2024-11-08,7,South Camden
0010,2,2024-11-14,5.5,South Camden
0010,2,2024-11-20,7.1,South Camden
0010,2,2024-11-26,6.3,South Camden
0010,2,2024-12-02,7.8,South Camden
0010,2,2024-12-08,7.5,South Camden
0010,2,2024-12-14,8.8,South Camden
0010,2,2024-12-20,6.7,South Camden
0010,2,2024-12-26,11.8,South Camden
0010,3,2024-08-01,13.9,South Camden
0010,3,2024-08-01,13.908333,South Camden
0010,3,2024-08-02,15.4,South Camden
0010,3,2024-08-02,15.470833,South Camden
0010,3,2024-08-03,10.2,South Camden
0010,3,2024-08-03,10.23913,South Camden
0010,3,2024-08-04,7.2,South Camden
0010,3,2024-08-04,7.283333,South Camden
0010,3,2024-08-05,10,South Camden
0010,3,2024-08-05,10.086957,South Camden
0010,3,2024-08-06,13.2,South Camden
0010,3,2024-08-06,13.205,South Camden
0010,3,2024-08-09,6.291667,South Camden
0010,3,2024-08-10,8.1,South Camden
0010,3,2024-08-10,8.1875,South Camden
0010,3,2024-08-11,4.6,South Camden
0010,3,2024-08-11,4.679167,South Camden
0010,3,2024-08-12,6,South Camden
0010,3,2024-08-12,6.008696,South Camden
0010,3,2024-08-13,6.5,South Camden
0010,3,2024-08-13,6.5125,South Camden
0010,3,2024-08-14,12.9,South Camden
0010,3,2024-08-14,12.920833,South Camden
0010,3,2024-08-15,12.3,South Camden
0010,3,2024-08-15,12.370833,South Camden
0010,3,2024-08-16,14.4,South Camden
0010,3,2024-08-16,14.445833,South Camden
0010,3,2024-08-17,15.9,South Camden
0010,3,2024-08-17,15.929167,South Camden
0010,3,2024-08-18,12,South Camden
0010,3,2024-08-18,12.020833,South Camden
0010,3,2024-08-19,7,South Camden
0010,3,2024-08-19,7.018182,South Camden
0010,3,2024-08-20,3.2,South Camden
0010,3,2024-08-20,3.204167,South Camden
0010,3,2024-08-21,3.9,South Camden
0010,3,2024-08-21,3.958333,South Camden
0010,3,2024-08-22,5,South Camden
0010,3,2024-08-22,5.0125,South Camden
0010,3,2024-08-23,8,South Camden
0010,3,2024-08-23,8.025,South Camden
0010,3,2024-08-24,9.5,South Camden
0010,3,2024-08-24,9.5125,South Camden
0010,3,2024-08-25,9.8,South Camden
0010,3,2024-08-25,9.891667,South Camden
0010,3,2024-08-26,12.3,South Camden
0010,3,2024-08-26,12.326087,South Camden
0010,3,2024-08-27,16.257143,South Camden
0010,3,2024-08-28,12.5,South Camden
0010,3,2024-08-28,12.533333,South Camden
0010,3,2024-08-29,4.3,South Camden
0010,3,2024-08-29,4.366667,South Camden
0010,3,2024-08-30,3.6,South Camden
0010,3,2024-08-30,3.625,South Camden
0010,3,2024-08-31,4.9,South Camden
0010,3,2024-08-31,4.93913,South Camden
0010,3,2024-09-01,5.7,South Camden
0010,3,2024-09-01,5.7125,South Camden
0010,3,2024-09-02,4.9,South Camden
0010,3,2024-09-02,4.983333,South Camden
0010,3,2024-09-03,4.4,South Camden
0010,3,2024-09-03,4.436364,South Camden
0010,3,2024-09-04,6.7,South Camden
0010,3,2024-09-04,6.754167,South Camden
0010,3,2024-09-05,4.9,South Camden
0010,3,2024-09-05,4.921739,South Camden
0010,3,2024-09-06,7.1,South Camden
0010,3,2024-09-06,7.1,South Camden
0010,3,2024-09-07,5.7,South Camden
0010,3,2024-09-07,5.778261,South Camden
0010,3,2024-09-08,2.1,South Camden
0010,3,2024-09-08,2.145833,South Camden
0010,3,2024-09-09,3.4,South Camden
0010,3,2024-09-09,3.491304,South Camden
0010,3,2024-09-10,6.5,South Camden
0010,3,2024-09-10,6.5125,South Camden
0010,3,2024-09-11,7.4,South Camden
0010,3,2024-09-11,7.443478,South Camden
0010,3,2024-09-12,9.2,South Camden
0010,3,2024-09-12,9.247826,South Camden
0010,3,2024-09-13,6.3,South Camden
0010,3,2024-09-13,6.395833,South Camden
0010,3,2024-09-14,8.6,South Camden
0010,3,2024-09-14,8.679167,South Camden
0010,3,2024-09-15,7.4,South Camden
0010,3,2024-09-15,7.491667,South Camden
0010,3,2024-09-16,5.5,South Camden
0010,3,2024-09-16,5.558333,South Camden
0010,3,2024-09-17,6,South Camden
0010,3,2024-09-17,6.0125,South Camden
0010,3,2024-09-18,6.1,South Camden
0010,3,2024-09-18,6.1,South Camden
0010,3,2024-09-19,8.1,South Camden
0010,3,2024-09-19,8.161905,South Camden
0010,3,2024-09-20,5.8,South Camden
0010,3,2024-09-20,5.870833,South Camden
0010,3,2024-09-21,6.5,South Camden
0010,3,2024-09-21,6.5375,South Camden
0010,3,2024-09-22,4.2,South Camden
0010,3,2024-09-22,4.269565,South Camden
0010,3,2024-09-23,4.4,South Camden
0010,3,2024-09-23,4.4125,South Camden
0010,3,2024-09-24,4.6,South Camden
0010,3,2024-09-24,4.609091,South Camden
0010,3,2024-09-25,3.9,South Camden
0010,3,2024-09-25,3.916667,South Camden
0010,3,2024-09-26,3.8,South Camden
0010,3,2024-09-26,3.870833,South Camden
0010,3,2024-09-27,4.1,South Camden
0010,3,2024-09-27,4.179167,South Camden
0010,3,2024-09-28,1.1,South Camden
0010,3,2024-09-28,1.15,South Camden
0010,3,2024-09-29,2,South Camden
0010,3,2024-09-29,2.0125,South Camden
0010,3,2024-09-30,3.5,South Camden
0010,3,2024-09-30,3.583333,South Camden
0010,3,2024-10-01,3.4,South Camden
0010,3,2024-10-01,3.475,South Camden
0010,3,2024-10-02,4.4,South Camden
0010,3,2024-10-02,4.470833,South Camden
0010,3,2024-10-03,5.3,South Camden
0010,3,2024-10-03,5.304167,South Camden
0010,3,2024-10-04,5.6,South Camden
0010,3,2024-10-04,5.6375,South Camden
0010,3,2024-10-05,5.8,South Camden
0010,3,2024-10-05,5.8875,South Camden
0010,3,2024-10-06,6.2,South Camden
0010,3,2024-10-06,6.216667,South Camden
0010,3,2024-10-07,8,South Camden
0010,3,2024-10-07,8.083333,South Camden
0010,3,2024-10-08,8.3625,South Camden
0010,3,2024-10-15,4.008333,South Camden
0010,3,2024-10-16,3.7,South Camden
0010,3,2024-10-16,3.720833,South Camden
0010,3,2024-10-17,3.6,South Camden
0010,3,2024-10-17,3.668421,South Camden
0010,3,2024-10-18,4,South Camden
0010,3,2024-10-18,4.029167,South Camden
0010,3,2024-10-19,8.6,South Camden
0010,3,2024-10-19,8.633333,South Camden
0010,3,2024-10-20,9.3,South Camden
0010,3,2024-10-20,9.3,South Camden
0010,3,2024-10-21,11.9,South Camden
0010,3,2024-10-21,11.929167,South Camden
0010,3,2024-10-22,12.8,South Camden
0010,3,2024-10-22,12.825,South Camden
0010,3,2024-10-23,9,South Camden
0010,3,2024-10-23,9.091667,South Camden
0010,3,2024-10-24,7.8,South Camden
0010,3,2024-10-24,7.85,South Camden
0010,3,2024-10-25,3.4,South Camden
0010,3,2024-10-25,3.4375,South Camden
0010,3,2024-10-26,5.2,South Camden
0010,3,2024-10-26,5.233333,South Camden
0010,3,2024-10-27,2.5,South Camden
0010,3,2024-10-27,2.509524,South Camden
0010,3,2024-10-28,7.375,South Camden
0010,3,2024-11-14,5.252941,South Camden
0010,3,2024-11-15,6.8,South Camden
0010,3,2024-11-15,6.8375,South Camden
0010,3,2024-11-16,5,South Camden
0010,3,2024-11-16,5.016667,South Camden
0010,3,2024-11-17,7,South Camden
0010,3,2024-11-17,7.05,South Camden
0010,3,2024-11-18,11.3,South Camden
0010,3,2024-11-18,11.304167,South Camden
0010,3,2024-11-19,6.8,South Camden
0010,3,2024-11-19,6.8125,South Camden
0010,3,2024-11-20,7.9,South Camden
0010,3,2024-11-20,7.925,South Camden
0010,3,2024-11-21,4.1,South Camden
0010,3,2024-11-21,4.1125,South Camden
0010,3,2024-11-22,2.3,South Camden
0010,3,2024-11-22,2.341667,South Camden
0010,3,2024-11-23,3.3,South Camden
0010,3,2024-11-23,3.370833,South Camden
0010,3,2024-11-24,3.5,South Camden
0010,3,2024-11-24,3.55,South Camden
0010,3,2024-11-25,8.4,South Camden
0010,3,2024-11-25,8.4625,South Camden
0010,3,2024-11-26,7,South Camden
0010,3,2024-11-26,7.095833,South Camden
0010,3,2024-11-27,6.2,South Camden
0010,3,2024-11-27,6.275,South Camden
0010,3,2024-11-28,5.7,South Camden
0010,3,2024-11-28,5.7,South Camden
0010,3,2024-11-29,4.2,South Camden
0010,3,2024-11-29,4.229167,South Camden
0010,3,2024-11-30,4.6,South Camden
0010,3,2024-11-30,4.6125,South Camden
0010,3,2024-12-01,6.5,South Camden
0010,3,2024-12-01,6.525,South Camden
0010,3,2024-12-02,6.3,South Camden
0010,3,2024-12-02,6.366667,South Camden
0010,3,2024-12-03,6.4,South Camden
0010,3,2024-12-03,6.4,South Camden
0010,3,2024-12-04,6.7,South Camden
0010,3,2024-12-04,6.7875,South Camden
0010,3,2024-12-05,5.6,South Camden
0010,3,2024-12-05,5.6375,South Camden
0010,3,2024-12-06,3.2,South Camden
0010,3,2024-12-06,3.233333,South Camden
0010,3,2024-12-07,6,South Camden
0010,3,2024-12-07,6.095833,South Camden
0010,3,2024-12-08,6.9,South Camden
0010,3,2024-12-08,6.966667,South Camden
0010,3,2024-12-09,17.6,South Camden
0010,3,2024-12-09,17.675,South Camden
0010,3,2024-12-10,20.6,South Camden
0010,3,2024-12-10,20.604167,South Camden
0010,3,2024-12-11,6.2,South Camden
0010,3,2024-12-11,6.286957,South Camden
0010,3,2024-12-12,3.8,South Camden
0010,3,2024-12-12,3.820833,South Camden
0010,3,2024-12-13,5.4,South Camden
0010,3,2024-12-13,5.425,South Camden
0010,3,2024-12-14,5.2,South Camden
0010,3,2024-12-14,5.270833,South Camden
0010,3,2024-12-15,10.1,South Camden
0010,3,2024-12-15,10.175,South Camden
0010,3,2024-12-16,8.3,South Camden
0010,3,2024-12-16,8.327273,South Camden
0010,3,2024-12-17,8.169231,South Camden
0010,3,2024-12-18,8.7,South Camden
0010,3,2024-12-18,8.745833,South Camden
0010,3,2024-12-19,5.9,South Camden
0010,3,2024-12-19,5.970833,South Camden
0010,3,2024-12-20,5.5,South Camden
0010,3,2024-12-20,5.5375,South Camden
0010,3,2024-12-21,4.1,South Camden
0010,3,2024-12-21,4.169565,South Camden
0010,3,2024-12-22,2.4,South Camden
0010,3,2024-12-22,2.408333,South Camden
0010,3,2024-12-23,5.7,South Camden
0010,3,2024-12-23,5.7,South Camden
0010,3,2024-12-24,11.6,South Camden
0010,3,2024-12-24,11.65,South Camden
0010,3,2024-12-25,22.7,South Camden
0010,4,2024-09-18,7.555556,South Camden
0010,4,2024-09-19,9.2,South Camden
0010,4,2024-09-19,9.279167,South Camden
0010,4,2024-09-20,7.1,South Camden
0010,4,2024-09-20,7.108333,South Camden
0010,4,2024-09-21,7.7,South Camden
0010,4,2024-09-21,7.754167,South Camden
0010,4,2024-09-22,3.9,South Camden
0010,4,2024-09-22,3.958333,South Camden
0010,4,2024-09-23,4.6,South Camden
0010,4,2024-09-23,4.654167,South Camden
0010,4,2024-09-24,5.2,South Camden
0010,4,2024-09-24,5.218182,South Camden
0010,4,2024-09-25,4,South Camden
0010,4,2024-09-25,4.045833,South Camden
0010,4,2024-09-26,4.7,South Camden
0010,4,2024-09-26,4.795833,South Camden
0010,4,2024-09-27,5.1,South Camden
0010,4,2024-09-27,5.1125,South Camden
0010,4,2024-09-28,1.2,South Camden
0010,4,2024-09-28,1.286957,South Camden
0010,4,2024-09-29,2.2,South Camden
0010,4,2024-09-29,2.266667,South Camden
0010,4,2024-09-30,4.1,South Camden
0010,4,2024-09-30,4.170833,South Camden
0010,4,2024-10-01,4.4,South Camden
0010,4,2024-10-01,4.416667,South Camden
0010,4,2024-10-02,4.5,South Camden
0010,4,2024-10-02,4.595833,South Camden
0010,4,2024-10-03,5.9,South Camden
0010,4,2024-10-03,5.925,South Camden
0010,4,2024-10-04,6.2,South Camden
0010,4,2024-10-04,6.270833,South Camden
0010,4,2024-10-05,6,South Camden
0010,4,2024-10-05,6.029167,South Camden
0010,4,2024-10-06,6.4,South Camden
0010,4,2024-10-06,6.4375,South Camden
0010,4,2024-10-07,8.7,South Camden
0010,4,2024-10-07,8.725,South Camden
0010,4,2024-10-08,10.25,South Camden
0010,4,2024-10-15,4.375,South Camden
0010,4,2024-10-16,4.1,South Camden
0010,4,2024-10-16,4.108696,South Camden
0010,4,2024-10-17,3.3,South Camden
0010,4,2024-10-17,3.354545,South Camden
0010,4,2024-10-18,5.3,South Camden
0010,4,2024-10-18,5.304167,South Camden
0010,4,2024-10-19,9.2,South Camden
0010,4,2024-10-19,9.225,South Camden
0010,4,2024-10-20,10.4,South Camden
0010,4,2024-10-20,10.416667,South Camden
0010,4,2024-10-21,13,South Camden
0010,4,2024-10-21,13.008333,South Camden
0010,4,2024-10-22,14.3,South Camden
0010,4,2024-10-22,14.308333,South Camden
0010,4,2024-10-23,10,South Camden
0010,4,2024-10-23,10.008333,South Camden
0010,4,2024-10-24,6.8,South Camden
0010,4,2024-10-24,6.885714,South Camden
0010,4,2024-10-25,4.3,South Camden
0010,4,2024-10-25,4.304167,South Camden
0010,4,2024-10-26,6.5,South Camden
0010,4,2024-10-26,6.533333,South Camden
0010,4,2024-10-27,2.1,South Camden
0010,4,2024-10-27,2.117391,South Camden
0010,4,2024-10-28,8.8875,South Camden
0010,4,2024-11-01,5.527273,South Camden
0010,4,2024-11-02,2.3,South Camden
0010,4,2024-11-02,2.358333,South Camden
0010,4,2024-11-03,3.4,South Camden
0010,4,2024-11-03,3.466667,South Camden
0010,4,2024-11-04,11.5,South Camden
0010,4,2024-11-04,11.554167,South Camden
0010,4,2024-11-05,6.4,South Camden
0010,4,2024-11-05,6.479167,South Camden
0010,4,2024-11-06,5.7,South Camden
0010,4,2024-11-06,5.716667,South Camden
0010,4,2024-11-07,9.2,South Camden
0010,4,2024-11-07,9.2125,South Camden
0010,4,2024-11-08,6.1,South Camden
0010,4,2024-11-08,6.1125,South Camden
0010,4,2024-11-09,4.7,South Camden
0010,4,2024-11-09,4.713636,South Camden
0010,4,2024-11-10,36.9,South Camden
0010,4,2024-11-10,36.925,South Camden
0010,4,2024-11-11,5.7,South Camden
0010,4,2024-11-11,5.704167,South Camden
0010,4,2024-11-12,2.8,South Camden
0010,4,2024-11-12,2.866667,South Camden
0010,4,2024-11-13,4.4,South Camden
0010,4,2024-11-13,4.408333,South Camden
0010,4,2024-11-14,5.4,South Camden
0010,4,2024-11-14,5.491667,South Camden
0010,4,2024-11-15,5.7,South Camden
0010,4,2024-11-15,5.720833,South Camden
0010,4,2024-11-16,4.4,South Camden
0010,4,2024-11-16,4.420833,South Camden
0010,4,2024-11-17,5.8,South Camden
0010,4,2024-11-17,5.833333,South Camden
0010,4,2024-11-18,9.4,South Camden
0010,4,2024-11-18,9.433333,South Camden
0010,4,2024-11-19,6.4,South Camden
0010,4,2024-11-19,6.4375,South Camden
0010,4,2024-11-20,7.1,South Camden
0010,4,2024-11-20,7.104167,South Camden
0010,4,2024-11-21,2.4,South Camden
0010,4,2024-11-21,2.413043,South Camden
0010,4,2024-11-22,0.7,South Camden
0010,4,2024-11-22,0.727273,South Camden
0010,4,2024-11-23,2.9,South Camden
0010,4,2024-11-23,2.956522,South Camden
0010,4,2024-11-24,3.3,South Camden
0010,4,2024-11-24,3.320833,South Camden
0010,4,2024-11-25,7.3,South Camden
0010,4,2024-11-25,7.395833,South Camden
0010,4,2024-11-26,6.5,South Camden
0010,4,2024-11-26,6.579167,South Camden
0010,4,2024-11-27,5.5,South Camden
0010,4,2024-11-27,5.504167,South Camden
0010,4,2024-11-28,4.4,South Camden
0010,4,2024-11-28,4.479167,South Camden
0010,4,2024-11-29,2.3,South Camden
0010,4,2024-11-29,2.375,South Camden
0010,4,2024-11-30,0.8,South Camden
0010,4,2024-11-30,0.857143,South Camden
0010,4,2024-12-01,5.2,South Camden
0010,4,2024-12-01,5.295833,South Camden
0010,4,2024-12-02,5.3,South Camden
0010,4,2024-12-02,5.391667,South Camden
0010,4,2024-12-03,5.4,South Camden
0010,4,2024-12-03,5.4375,South Camden
0010,4,2024-12-04,6.6,South Camden
0010,4,2024-12-04,6.641667,South Camden
0010,4,2024-12-05,5.5,South Camden
0010,4,2024-12-05,5.55,South Camden
0010,4,2024-12-06,1.8,South Camden
0010,4,2024-12-06,1.816667,South Camden
0010,4,2024-12-07,5.7,South Camden
0010,4,2024-12-07,5.795833,South Camden
0010,4,2024-12-08,6,South Camden
0010,4,2024-12-08,6.083333,South Camden
0010,4,2024-12-09,16,South Camden
0010,4,2024-12-09,16.020833,South Camden
0010,4,2024-12-10,17.1,South Camden
0010,4,2024-12-10,17.125,South Camden
0010,4,2024-12-11,4.9,South Camden
0010,4,2024-12-11,4.921739,South Camden
0010,4,2024-12-12,2.4,South Camden
0010,4,2024-12-12,2.441667,South Camden
0010,4,2024-12-13,1.8,South Camden
0010,4,2024-12-13,1.895652,South Camden
0010,4,2024-12-14,3,South Camden
0010,4,2024-12-14,3.025,South Camden
0010,4,2024-12-15,7.1,South Camden
0010,4,2024-12-15,7.1625,South Camden
0010,4,2024-12-16,5.4,South Camden
0010,4,2024-12-16,5.433333,South Camden
0010,4,2024-12-17,7,South Camden
0010,4,2024-12-17,7.058333,South Camden
0010,4,2024-12-18,7.2,South Camden
0010,4,2024-12-18,7.245455,South Camden
0010,4,2024-12-19,5,South Camden
0010,4,2024-12-19,5.091667,South Camden
0010,4,2024-12-20,3.4,South Camden
0010,4,2024-12-20,3.421739,South Camden
0010,4,2024-12-21,1.13125,South Camden
0010,4,2024-12-22,0.0375,South Camden
0010,4,2024-12-23,4.7,South Camden
0010,4,2024-12-24,9.6,South Camden
0010,4,2024-12-24,9.668182,South Camden
0010,4,2024-12-25,11.6,South Camden
0010,4,2024-12-25,11.6625,South Camden
0010,4,2024-12-26,7,South Camden
0010,4,2024-12-26,7,South Camden
0010,4,2024-12-27,16,South Camden
0010,4,2024-12-27,16,South Camden
0010,4,2024-12-28,7.3,South Camden
0010,4,2024-12-28,7.366667,South Camden
0010,4,2024-12-29,4.8,South Camden
0010,4,2024-12-29,4.8,South Camden
0010,4,2024-12-30,2.3,South Camden
0010,4,2024-12-30,2.326087,South Camden
0010,4,2024-12-31,4.9,South Camden
0010,4,2024-12-31,4.966667,South Camden
1007,3,2024-01-01,18.3,Pennsauken
1007,3,2024-01-01,18.3875,Pennsauken
1007,3,2024-01-02,2,Pennsauken
1007,3,2024-01-02,2.086364,Pennsauken
1007,3,2024-01-03,7.8,Pennsauken
1007,3,2024-01-03,7.883333,Pennsauken
1007,3,2024-01-04,9.7,Pennsauken
1007,3,2024-01-04,9.775,Pennsauken
1007,3,2024-01-05,3.9,Pennsauken
1007,3,2024-01-05,3.9,Pennsauken
1007,3,2024-01-06,9.3,Pennsauken
1007,3,2024-01-06,9.345833,Pennsauken
1007,3,2024-01-07,2.6,Pennsauken
1007,3,2024-01-07,2.613043,Pennsauken
1007,3,2024-01-08,3.9,Pennsauken
1007,3,2024-01-08,3.982609,Pennsauken
1007,3,2024-01-09,6.2,Pennsauken
1007,3,2024-01-09,6.277273,Pennsauken
1007,3,2024-01-10,1.6,Pennsauken
1007,3,2024-01-10,1.61,Pennsauken
1007,3,2024-01-11,4.4,Pennsauken
1007,3,2024-01-11,4.408333,Pennsauken
1007,3,2024-01-12,6.8,Pennsauken
1007,3,2024-01-12,6.8125,Pennsauken
1007,3,2024-01-13,1.9,Pennsauken
1007,3,2024-01-13,1.965,Pennsauken
1007,3,2024-01-14,1.9,Pennsauken
1007,3,2024-01-14,1.9,Pennsauken
1007,3,2024-01-15,2.8,Pennsauken
1007,3,2024-01-15,2.838095,Pennsauken
1007,3,2024-01-16,6.5,Pennsauken
1007,3,2024-01-16,6.525,Pennsauken
1007,3,2024-01-17,2.5,Pennsauken
1007,3,2024-01-17,2.554167,Pennsauken
1007,3,2024-01-18,7.2,Pennsauken
1007,3,2024-01-18,7.2125,Pennsauken
1007,3,2024-01-19,11.4,Pennsauken
1007,3,2024-01-19,11.475,Pennsauken
1007,3,2024-01-20,0.735294,Pennsauken
1007,3,2024-01-21,1.235294,Pennsauken
1007,3,2024-01-22,8,Pennsauken
1007,3,2024-01-22,8.066667,Pennsauken
1007,3,2024-01-23,15.7,Pennsauken
1007,3,2024-01-23,15.766667,Pennsauken
1007,3,2024-01-24,15.4,Pennsauken
1007,3,2024-01-24,15.479167,Pennsauken
1007,3,2024-01-25,8,Pennsauken
1007,3,2024-01-25,8.095833,Pennsauken
1007,3,2024-01-26,4.1,Pennsauken
1007,3,2024-01-26,4.1,Pennsauken
1007,3,2024-01-27,2.8,Pennsauken
1007,3,2024-01-27,2.891667,Pennsauken
1007,3,2024-01-28,1.2,Pennsauken
1007,3,2024-01-28,1.220833,Pennsauken
1007,3,2024-01-29,0.9,Pennsauken
1007,3,2024-01-29,0.983333,Pennsauken
1007,3,2024-01-30,1.5,Pennsauken
1007,3,2024-01-30,1.525,Pennsauken
1007,3,2024-01-31,3.4,Pennsauken
1007,3,2024-01-31,3.417391,Pennsauken
1007,3,2024-02-01,10.3,Pennsauken
1007,3,2024-02-01,10.3125,Pennsauken
1007,3,2024-02-02,6.4,Pennsauken
1007,3,2024-02-02,6.4625,Pennsauken
1007,3,2024-02-03,1.6,Pennsauken
1007,3,2024-02-03,1.63913,Pennsauken
1007,3,2024-02-04,3.1,Pennsauken
1007,3,2024-02-04,3.133333,Pennsauken
1007,3,2024-02-05,3.7,Pennsauken
1007,3,2024-02-05,3.769565,Pennsauken
1007,3,2024-02-06,2.7,Pennsauken
1007,3,2024-02-06,2.713636,Pennsauken
1007,3,2024-02-07,3.9,Pennsauken
1007,3,2024-02-07,3.934783,Pennsauken
1007,3,2024-02-08,11.1,Pennsauken
1007,3,2024-02-08,11.166667,Pennsauken
1007,3,2024-02-09,9.4,Pennsauken
1007,3,2024-02-09,9.404167,Pennsauken
1007,3,2024-02-10,20.3,Pennsauken
1007,3,2024-02-10,20.316667,Pennsauken
1007,3,2024-02-11,12.1,Pennsauken
1007,3,2024-02-11,12.158333,Pennsauken
1007,3,2024-02-12,7.3,Pennsauken
1007,3,2024-02-12,7.316667,Pennsauken
1007,3,2024-02-13,3.3,Pennsauken
1007,3,2024-02-13,3.347826,Pennsauken
1007,3,2024-02-14,0.9,Pennsauken
1007,3,2024-02-14,0.981818,Pennsauken
1007,3,2024-02-15,3.6,Pennsauken
1007,3,2024-02-15,3.647619,Pennsauken
1007,3,2024-02-16,2.7,Pennsauken
1007,3,2024-02-16,2.786364,Pennsauken
1007,3,2024-02-17,1.8,Pennsauken
1007,3,2024-02-17,1.826087,Pennsauken
1007,3,2024-02-18,3,Pennsauken
1007,3,2024-02-18,3.041667,Pennsauken
1007,3,2024-02-19,4.6,Pennsauken
1007,3,2024-02-19,4.616667,Pennsauken
1007,3,2024-02-20,2.2,Pennsauken
1007,3,2024-02-20,2.272727,Pennsauken
1007,3,2024-02-21,2.7,Pennsauken
1007,3,2024-02-21,2.782609,Pennsauken
1007,3,2024-02-22,4.6,Pennsauken
1007,3,2024-02-22,4.604348,Pennsauken
1007,3,2024-02-23,9.7,Pennsauken
1007,3,2024-02-23,9.708333,Pennsauken
1007,3,2024-02-24,5.6,Pennsauken
1007,3,2024-02-24,5.669565,Pennsauken
1007,3,2024-02-25,3.7,Pennsauken
1007,3,2024-02-25,3.738889,Pennsauken
1007,3,2024-02-26,7.6,Pennsauken
1007,3,2024-02-26,7.6125,Pennsauken
1007,3,2024-02-27,11.7,Pennsauken
1007,3,2024-02-27,11.791667,Pennsauken
1007,3,2024-02-28,7.1,Pennsauken
1007,3,2024-02-28,7.133333,Pennsauken
1007,3,2024-02-29,2.6,Pennsauken
1007,3,2024-02-29,2.656522,Pennsauken
1007,3,2024-03-01,4.7,Pennsauken
1007,3,2024-03-01,4.775,Pennsauken
1007,3,2024-03-02,3.1,Pennsauken
1007,3,2024-03-02,3.186957,Pennsauken
1007,3,2024-03-03,4.1,Pennsauken
1007,3,2024-03-04,2.438462,Pennsauken
1007,3,2024-03-05,2.8,Pennsauken
1007,3,2024-03-05,2.857143,Pennsauken
1007,3,2024-03-06,5.2,Pennsauken
1007,3,2024-03-06,5.295833,Pennsauken
1007,3,2024-03-07,1.6,Pennsauken
1007,3,2024-03-07,1.609091,Pennsauken
1007,3,2024-03-08,2.3,Pennsauken
1007,3,2024-03-08,2.382609,Pennsauken
1007,3,2024-03-09,3.4,Pennsauken
1007,3,2024-03-09,3.404167,Pennsauken
1007,3,2024-03-10,1,Pennsauken
1007,3,2024-03-10,1.084211,Pennsauken
1007,3,2024-03-11,0.6,Pennsauken
1007,3,2024-03-11,0.695833,Pennsauken
1007,3,2024-03-12,5.8,Pennsauken
1007,3,2024-03-12,5.829167,Pennsauken
1007,3,2024-03-13,14.7,Pennsauken
1007,3,2024-03-13,14.7375,Pennsauken
1007,3,2024-03-14,12,Pennsauken
1007,3,2024-03-14,12.004167,Pennsauken
1007,3,2024-03-15,6.1,Pennsauken
1007,3,2024-03-15,6.178261,Pennsauken
1007,3,2024-03-16,4.1,Pennsauken
1007,3,2024-03-16,4.133333,Pennsauken
1007,3,2024-03-17,3.2,Pennsauken
1007,3,2024-03-17,3.245833,Pennsauken
1007,3,2024-03-18,1.9,Pennsauken
1007,3,2024-03-18,1.991304,Pennsauken
1007,3,2024-03-19,2.1,Pennsauken
1007,3,2024-03-19,2.113636,Pennsauken
1007,3,2024-03-20,4,Pennsauken
1007,3,2024-03-20,4.086957,Pennsauken
1007,3,2024-03-21,0.970588,Pennsauken
1007,3,2024-03-22,4.3,Pennsauken
1007,3,2024-03-22,4.345455,Pennsauken
1007,3,2024-03-23,3.7,Pennsauken
1007,3,2024-03-23,3.718182,Pennsauken
1007,3,2024-03-24,2.5,Pennsauken
1007,3,2024-03-24,2.508696,Pennsauken
1007,3,2024-03-25,3.1,Pennsauken
1007,3,2024-03-25,3.183333,Pennsauken
1007,3,2024-03-26,5.7,Pennsauken
1007,3,2024-03-26,5.783333,Pennsauken
1007,3,2024-03-27,5.4,Pennsauken
1007,3,2024-03-27,5.458333,Pennsauken
1007,3,2024-03-28,5.7,Pennsauken
1007,3,2024-04-01,6.5625,Pennsauken
1007,3,2024-04-02,7.5,Pennsauken
1007,3,2024-04-02,7.516667,Pennsauken
1007,3,2024-04-03,1.6,Pennsauken
1007,3,2024-04-03,1.668182,Pennsauken
1007,3,2024-04-04,1.9,Pennsauken
1007,3,2024-04-04,1.92381,Pennsauken
1007,3,2024-04-05,0.7,Pennsauken
1007,3,2024-04-05,0.731818,Pennsauken
1007,3,2024-04-06,1.752941,Pennsauken
1007,3,2024-04-07,1.8,Pennsauken
1007,3,2024-04-07,1.843478,Pennsauken
1007,3,2024-04-08,5.2,Pennsauken
1007,3,2024-04-08,5.277273,Pennsauken
1007,3,2024-04-09,8.6,Pennsauken
1007,3,2024-04-09,8.675,Pennsauken
1007,3,2024-04-10,13.5,Pennsauken
1007,3,2024-04-10,13.5125,Pennsauken
1007,3,2024-04-11,9.1,Pennsauken
1007,3,2024-04-11,9.108333,Pennsauken
1007,3,2024-04-12,4,Pennsauken
1007,3,2024-04-12,4.036364,Pennsauken
1007,3,2024-04-13,4.3,Pennsauken
1007,3,2024-04-13,4.361111,Pennsauken
1007,3,2024-04-14,5,Pennsauken
1007,3,2024-04-14,5.05,Pennsauken
1007,3,2024-04-15,6.3,Pennsauken
1007,3,2024-04-15,6.3,Pennsauken
1007,3,2024-04-16,4.9,Pennsauken
1007,3,2024-04-16,4.918182,Pennsauken
1007,3,2024-04-17,6.5,Pennsauken
1007,3,2024-04-17,6.529167,Pennsauken
1007,3,2024-04-18,5.4,Pennsauken
1007,3,2024-04-18,5.409524,Pennsauken
1007,3,2024-04-19,4.2,Pennsauken
1007,3,2024-04-19,4.218182,Pennsauken
1007,3,2024-04-20,4.2,Pennsauken
1007,3,2024-04-20,4.26087,Pennsauken
1007,3,2024-04-21,1.5,Pennsauken
1007,3,2024-04-21,1.526087,Pennsauken
1007,3,2024-04-22,7.1,Pennsauken
1007,3,2024-04-22,7.17619,Pennsauken
1007,3,2024-04-23,5.6,Pennsauken
1007,3,2024-04-23,5.691304,Pennsauken
1007,3,2024-04-24,5.8,Pennsauken
1007,3,2024-04-24,5.843478,Pennsauken
1007,3,2024-04-25,2.6,Pennsauken
1007,3,2024-04-25,2.685,Pennsauken
1007,3,2024-04-26,6.3,Pennsauken
1007,3,2024-04-26,6.371429,Pennsauken
1007,3,2024-04-27,5.9,Pennsauken
1007,3,2024-04-27,5.995238,Pennsauken
1007,3,2024-04-28,9.6,Pennsauken
1007,3,2024-04-28,9.6875,Pennsauken
1007,3,2024-04-29,14.5,Pennsauken
1007,3,2024-04-29,14.577273,Pennsauken
1007,3,2024-04-30,16.2,Pennsauken
1007,3,2024-04-30,16.2625,Pennsauken
1007,3,2024-05-01,9.1,Pennsauken
1007,3,2024-05-01,9.177778,Pennsauken
1007,3,2024-05-02,11.6,Pennsauken
1007,3,2024-05-02,11.633333,Pennsauken
1007,3,2024-05-03,7.3,Pennsauken
1007,3,2024-05-03,7.3,Pennsauken
1007,3,2024-05-04,3.8,Pennsauken
1007,3,2024-05-04,3.843478,Pennsauken
1007,3,2024-05-05,5.6,Pennsauken
1007,3,2024-05-05,5.62381,Pennsauken
1007,3,2024-05-06,8.2,Pennsauken
1007,3,2024-05-06,8.230435,Pennsauken
1007,3,2024-05-07,8.4,Pennsauken
1007,3,2024-05-07,8.486957,Pennsauken
1007,3,2024-05-08,10.8,Pennsauken
1007,3,2024-05-08,10.868182,Pennsauken
1007,3,2024-05-09,3.8,Pennsauken
1007,3,2024-05-09,3.885714,Pennsauken
1007,3,2024-05-10,1.9,Pennsauken
1007,3,2024-05-10,1.918182,Pennsauken
1007,3,2024-05-11,3.2,Pennsauken
1007,3,2024-05-11,3.236364,Pennsauken
1007,3,2024-05-12,2.7,Pennsauken
1007,3,2024-05-12,2.730435,Pennsauken
1007,3,2024-05-13,5,Pennsauken
1007,3,2024-05-13,5.083333,Pennsauken
1007,3,2024-05-14,6.2,Pennsauken
1007,3,2024-05-14,6.204167,Pennsauken
1007,3,2024-05-15,3.5,Pennsauken
1007,3,2024-05-15,3.542857,Pennsauken
1007,3,2024-05-16,2.4,Pennsauken
1007,3,2024-05-16,2.473913,Pennsauken
1007,3,2024-05-17,4.7,Pennsauken
1007,3,2024-05-17,4.729167,Pennsauken
1007,3,2024-05-18,12.4,Pennsauken
1007,3,2024-05-18,12.475,Pennsauken
1007,3,2024-05-19,4.4,Pennsauken
1007,3,2024-05-19,4.469565,Pennsauken
1007,3,2024-05-20,6.6,Pennsauken
1007,3,2024-05-20,6.682609,Pennsauken
1007,3,2024-05-21,8.7,Pennsauken
1007,3,2024-05-21,8.783333,Pennsauken
1007,3,2024-05-22,8.8,Pennsauken
1007,3,2024-05-22,8.869565,Pennsauken
1007,3,2024-05-23,9.2,Pennsauken
1007,3,2024-05-23,9.273913,Pennsauken
1007,3,2024-05-24,10,Pennsauken
1007,3,2024-05-24,10.027273,Pennsauken
1007,3,2024-05-25,14.2,Pennsauken
1007,3,2024-05-25,14.270833,Pennsauken
1007,3,2024-05-26,11.9,Pennsauken
1007,3,2024-05-26,11.909091,Pennsauken
1007,3,2024-06-01,8.1,Pennsauken
1007,3,2024-06-01,8.130435,Pennsauken
1007,3,2024-06-02,11.6,Pennsauken
1007,3,2024-06-02,11.647826,Pennsauken
1007,3,2024-06-06,15,Pennsauken
1007,3,2024-06-06,15.054167,Pennsauken
1007,3,2024-06-07,5.5,Pennsauken
1007,3,2024-06-07,5.595833,Pennsauken
1007,3,2024-06-08,3.9,Pennsauken
1007,3,2024-06-08,3.926087,Pennsauken
1007,3,2024-06-09,6.6,Pennsauken
1007,3,2024-06-09,6.6875,Pennsauken
1007,3,2024-06-10,3.7,Pennsauken
1007,3,2024-06-10,3.7,Pennsauken
1007,3,2024-06-11,3.9,Pennsauken
1007,3,2024-06-11,3.965217,Pennsauken
1007,3,2024-06-12,8.5,Pennsauken
1007,3,2024-06-12,8.533333,Pennsauken
1007,3,2024-06-13,8.585714,Pennsauken
1007,3,2024-06-14,9.5875,Pennsauken
1007,3,2024-06-15,4.5,Pennsauken
1007,3,2024-06-15,4.575,Pennsauken
1007,3,2024-06-16,7.2,Pennsauken
1007,3,2024-06-16,7.2625,Pennsauken
1007,3,2024-06-17,8.6,Pennsauken
1007,3,2024-06-17,8.6375,Pennsauken
1007,3,2024-06-18,7.7,Pennsauken
1007,3,2024-06-18,7.783333,Pennsauken
1007,3,2024-06-19,8,Pennsauken
1007,3,2024-06-19,8.079167,Pennsauken
1007,3,2024-06-20,8.4,Pennsauken
1007,3,2024-06-20,8.470833,Pennsauken
1007,3,2024-06-21,9.6,Pennsauken
1007,3,2024-06-21,9.625,Pennsauken
1007,3,2024-06-22,13.3,Pennsauken
1007,3,2024-06-22,13.343478,Pennsauken
1007,3,2024-06-23,10.3,Pennsauken
1007,3,2024-06-23,10.316667,Pennsauken
1007,3,2024-06-24,4.7,Pennsauken
1007,3,2024-06-24,4.758333,Pennsauken
1007,3,2024-06-25,8.6,Pennsauken
1007,3,2024-06-25,8.641667,Pennsauken
1007,3,2024-06-26,11.9,Pennsauken
1007,3,2024-06-26,11.958333,Pennsauken
1007,3,2024-06-27,3.3,Pennsauken
1007,3,2024-06-27,3.308333,Pennsauken
1007,3,2024-06-28,3.9,Pennsauken
1007,3,2024-06-28,3.941667,Pennsauken
1007,3,2024-06-29,5.6,Pennsauken
1007,3,2024-06-29,5.616667,Pennsauken
1007,3,2024-06-30,6.9,Pennsauken
1007,3,2024-06-30,6.9,Pennsauken
1007,3,2024-07-01,1.6,Pennsauken
1007,3,2024-07-01,1.679167,Pennsauken
1007,3,2024-07-02,4.4,Pennsauken
1007,3,2024-07-02,4.495833,Pennsauken
1007,3,2024-07-03,5.6,Pennsauken
1007,3,2024-07-03,5.608333,Pennsauken
1007,3,2024-07-04,12.7,Pennsauken
1007,3,2024-07-04,12.795833,Pennsauken
1007,3,2024-07-05,14.5,Pennsauken
1007,3,2024-07-05,14.545833,Pennsauken
1007,3,2024-07-06,13,Pennsauken
1007,3,2024-07-06,13.066667,Pennsauken
1007,3,2024-07-07,15,Pennsauken
1007,3,2024-07-07,15.008333,Pennsauken
1007,3,2024-07-08,13.7,Pennsauken
1007,3,2024-07-08,13.708333,Pennsauken
1007,3,2024-07-09,12.6,Pennsauken
1007,3,2024-07-09,12.608333,Pennsauken
1007,3,2024-07-10,7.3,Pennsauken
1007,3,2024-07-10,7.35,Pennsauken
1007,3,2024-07-11,4.5,Pennsauken
1007,3,2024-07-11,4.595833,Pennsauken
1007,3,2024-07-12,6.7,Pennsauken
1007,3,2024-07-12,6.729167,Pennsauken
1007,3,2024-07-13,4.6,Pennsauken
1007,3,2024-07-13,4.629167,Pennsauken
1007,3,2024-07-14,8.2,Pennsauken
1007,3,2024-07-14,8.258333,Pennsauken
1007,3,2024-07-15,12.2,Pennsauken
1007,3,2024-07-15,12.254167,Pennsauken
1007,3,2024-07-16,17.8,Pennsauken
1007,3,2024-07-16,17.8875,Pennsauken
1007,3,2024-07-17,9.5,Pennsauken
1007,3,2024-07-17,9.55,Pennsauken
1007,3,2024-07-18,7.3,Pennsauken
1007,3,2024-07-18,7.395833,Pennsauken
1007,3,2024-07-19,4.9,Pennsauken
1007,3,2024-07-19,4.908333,Pennsauken
1007,3,2024-07-20,7.5,Pennsauken
1007,3,2024-07-20,7.545833,Pennsauken
1007,3,2024-07-21,8.9,Pennsauken
1007,3,2024-07-21,8.916667,Pennsauken
1007,3,2024-07-22,5.7,Pennsauken
1007,3,2024-07-22,5.704167,Pennsauken
1007,3,2024-07-23,4.6,Pennsauken
1007,3,2024-07-23,4.654167,Pennsauken
1007,3,2024-07-24,7.7,Pennsauken
1007,3,2024-07-24,7.75,Pennsauken
1007,3,2024-07-25,10.9,Pennsauken
1007,3,2024-07-25,10.9,Pennsauken
1007,3,2024-07-26,4.7,Pennsauken
1007,3,2024-07-26,4.733333,Pennsauken
1007,3,2024-07-27,8.6,Pennsauken
1007,3,2024-07-27,8.625,Pennsauken
1007,3,2024-07-28,13.6,Pennsauken
1007,3,2024-07-28,13.616667,Pennsauken
1007,3,2024-07-29,14.7,Pennsauken
1007,3,2024-07-29,14.7375,Pennsauken
1007,3,2024-07-30,10.6,Pennsauken
1007,3,2024-07-30,10.654167,Pennsauken
1007,3,2024-07-31,8.1,Pennsauken
1007,3,2024-07-31,8.170833,Pennsauken
1007,3,2024-08-01,16.7,Pennsauken
1007,3,2024-08-01,16.778261,Pennsauken
1007,3,2024-08-02,13.3,Pennsauken
1007,3,2024-08-02,13.341667,Pennsauken
1007,3,2024-08-03,9.7,Pennsauken
1007,3,2024-08-03,9.708696,Pennsauken
1007,3,2024-08-04,7,Pennsauken
1007,3,2024-08-04,7.083333,Pennsauken
1007,3,2024-08-05,9.6,Pennsauken
1007,3,2024-08-05,9.608333,Pennsauken
1007,3,2024-08-06,12.2,Pennsauken
1007,3,2024-08-06,12.245833,Pennsauken
1007,3,2024-08-07,2.6,Pennsauken
1007,3,2024-08-07,2.663636,Pennsauken
1007,3,2024-08-08,3.1,Pennsauken
1007,3,2024-08-08,3.1375,Pennsauken
1007,3,2024-08-09,6.758333,Pennsauken
1007,3,2024-08-10,8.533333,Pennsauken
1007,3,2024-08-11,5.2,Pennsauken
1007,3,2024-08-11,5.295833,Pennsauken
1007,3,2024-08-12,6.2,Pennsauken
1007,3,2024-08-12,6.208333,Pennsauken
1007,3,2024-08-13,4.5,Pennsauken
1007,3,2024-08-13,4.545833,Pennsauken
1007,3,2024-08-14,13.5,Pennsauken
1007,3,2024-08-14,13.558333,Pennsauken
1007,3,2024-08-15,10.4,Pennsauken
1007,3,2024-08-15,10.4375,Pennsauken
1007,3,2024-08-16,12.8,Pennsauken
1007,3,2024-08-16,12.841667,Pennsauken
1007,3,2024-08-17,16.3,Pennsauken
1007,3,2024-08-17,16.391667,Pennsauken
1007,3,2024-08-18,12,Pennsauken
1007,3,2024-08-18,12.029167,Pennsauken
1007,3,2024-08-19,6.2,Pennsauken
1007,3,2024-08-19,6.295833,Pennsauken
1007,3,2024-08-20,1.6,Pennsauken
1007,3,2024-08-20,1.63913,Pennsauken
1007,3,2024-08-21,2.7,Pennsauken
1007,3,2024-08-21,2.713043,Pennsauken
1007,3,2024-08-22,4.3,Pennsauken
1007,3,2024-08-22,4.378261,Pennsauken
1007,3,2024-08-23,8.9,Pennsauken
1007,3,2024-08-23,8.916667,Pennsauken
1007,3,2024-08-24,11.5,Pennsauken
1007,3,2024-08-24,11.504167,Pennsauken
1007,3,2024-08-25,9.2,Pennsauken
1007,3,2024-08-25,9.220833,Pennsauken
1007,3,2024-08-26,12.2,Pennsauken
1007,3,2024-08-26,12.229167,Pennsauken
1007,3,2024-08-27,12.033333,Pennsauken
1007,3,2024-08-28,9.058824,Pennsauken
1007,3,2024-08-29,5.6,Pennsauken
1007,3,2024-08-29,5.679167,Pennsauken
1007,3,2024-08-30,2.5,Pennsauken
1007,3,2024-08-30,2.583333,Pennsauken
1007,3,2024-08-31,4.3,Pennsauken
1007,3,2024-08-31,4.3375,Pennsauken
1007,3,2024-09-01,6,Pennsauken
1007,3,2024-09-01,6.033333,Pennsauken
1007,3,2024-09-02,4,Pennsauken
1007,3,2024-09-02,4.030435,Pennsauken
1007,3,2024-09-03,3.4,Pennsauken
1007,3,2024-09-03,3.4,Pennsauken
1007,3,2024-09-04,6.6,Pennsauken
1007,3,2024-09-04,6.691667,Pennsauken
1007,3,2024-09-05,4.4,Pennsauken
1007,3,2024-09-05,4.491304,Pennsauken
1007,3,2024-09-06,5.1,Pennsauken
1007,3,2024-09-06,5.1125,Pennsauken
1007,3,2024-09-07,4,Pennsauken
1007,3,2024-09-07,4.021739,Pennsauken
1007,3,2024-09-08,2.3,Pennsauken
1007,3,2024-09-08,2.343478,Pennsauken
1007,3,2024-09-09,3.8,Pennsauken
1007,3,2024-09-09,3.88,Pennsauken
1007,3,2024-09-10,6.2,Pennsauken
1007,3,2024-09-10,6.295833,Pennsauken
1007,3,2024-09-11,5.9,Pennsauken
1007,3,2024-09-11,5.920833,Pennsauken
1007,3,2024-09-12,11,Pennsauken
1007,3,2024-09-12,11.041667,Pennsauken
1007,3,2024-09-13,5.9,Pennsauken
1007,3,2024-09-13,5.966667,Pennsauken
1007,3,2024-09-14,8.7,Pennsauken
1007,3,2024-09-14,8.708333,Pennsauken
1007,3,2024-09-15,7.9,Pennsauken
1007,3,2024-09-15,7.9125,Pennsauken
1007,3,2024-09-16,4.1,Pennsauken
1007,3,2024-09-16,4.120833,Pennsauken
1007,3,2024-09-17,5.5,Pennsauken
1007,3,2024-09-17,5.566667,Pennsauken
1007,3,2024-09-18,6.7,Pennsauken
1007,3,2024-09-18,6.704167,Pennsauken
1007,3,2024-09-19,8.6,Pennsauken
1007,3,2024-09-19,8.65,Pennsauken
1007,3,2024-09-20,7.5,Pennsauken
1007,3,2024-09-20,7.525,Pennsauken
1007,3,2024-09-21,5.7,Pennsauken
1007,3,2024-09-21,5.704167,Pennsauken
1007,3,2024-09-22,3.2,Pennsauken
1007,3,2024-09-22,3.254167,Pennsauken
1007,3,2024-09-23,3.9,Pennsauken
1007,3,2024-09-23,3.913043,Pennsauken
1007,3,2024-09-24,3.7,Pennsauken
1007,3,2024-09-24,3.783333,Pennsauken
1007,3,2024-09-25,3.5,Pennsauken
1007,3,2024-09-25,3.595833,Pennsauken
1007,3,2024-09-26,4.3,Pennsauken
1007,3,2024-09-26,4.304167,Pennsauken
1007,3,2024-09-27,2.9,Pennsauken
1007,3,2024-09-27,2.925,Pennsauken
1007,3,2024-09-28,0.8,Pennsauken
1007,3,2024-09-28,0.872727,Pennsauken
1007,3,2024-09-29,1.2,Pennsauken
1007,3,2024-09-29,1.25,Pennsauken
1007,3,2024-09-30,2.9,Pennsauken
1007,3,2024-09-30,2.975,Pennsauken
1007,3,2024-10-01,3.2,Pennsauken
1007,3,2024-10-01,3.275,Pennsauken
1007,3,2024-10-02,3.8,Pennsauken
1007,3,2024-10-02,3.829167,Pennsauken
1007,3,2024-10-03,4.3,Pennsauken
1007,3,2024-10-03,4.316667,Pennsauken
1007,3,2024-10-04,4,Pennsauken
1007,3,2024-10-04,4.0875,Pennsauken
1007,3,2024-10-05,5.2,Pennsauken
1007,3,2024-10-05,5.265217,Pennsauken
1007,3,2024-10-06,5.9,Pennsauken
1007,3,2024-10-06,5.991667,Pennsauken
1007,3,2024-10-07,5.5,Pennsauken
1007,3,2024-10-07,5.529167,Pennsauken
1007,3,2024-10-08,1.9,Pennsauken
1007,3,2024-10-08,1.969565,Pennsauken
1007,3,2024-10-09,4.3,Pennsauken
1007,3,2024-10-09,4.354545,Pennsauken
1007,3,2024-10-10,0.4,Pennsauken
1007,3,2024-10-10,0.488889,Pennsauken
1007,3,2024-10-11,2.2,Pennsauken
1007,3,2024-10-11,2.295833,Pennsauken
1007,3,2024-10-12,6,Pennsauken
1007,3,2024-10-12,6.0125,Pennsauken
1007,3,2024-10-13,10.3,Pennsauken
1007,3,2024-10-13,10.366667,Pennsauken
1007,3,2024-10-14,4.6,Pennsauken
1007,3,2024-10-14,4.666667,Pennsauken
1007,3,2024-10-15,2.1,Pennsauken
1007,3,2024-10-15,2.110526,Pennsauken
1007,3,2024-10-16,1.9,Pennsauken
1007,3,2024-10-16,1.977273,Pennsauken
1007,3,2024-10-17,1.5,Pennsauken
1007,3,2024-10-17,1.528571,Pennsauken
1007,3,2024-10-18,4.3,Pennsauken
1007,3,2024-10-18,4.304762,Pennsauken
1007,3,2024-10-19,5.8,Pennsauken
1007,3,2024-10-19,5.891667,Pennsauken
1007,3,2024-10-20,11.5,Pennsauken
1007,3,2024-10-20,11.558333,Pennsauken
1007,3,2024-10-21,13.1,Pennsauken
1007,3,2024-10-21,13.1375,Pennsauken
1007,3,2024-10-22,14.7,Pennsauken
1007,3,2024-10-22,14.708333,Pennsauken
1007,3,2024-10-23,8.5,Pennsauken
1007,3,2024-10-23,8.591667,Pennsauken
1007,3,2024-10-24,3.9,Pennsauken
1007,3,2024-10-24,3.941667,Pennsauken
1007,3,2024-10-25,3.2,Pennsauken
1007,3,2024-10-25,3.27619,Pennsauken
1007,3,2024-10-26,5.6,Pennsauken
1007,3,2024-10-26,5.642105,Pennsauken
1007,3,2024-10-27,2.3,Pennsauken
1007,3,2024-10-27,2.39,Pennsauken
1007,3,2024-10-28,5.1,Pennsauken
1007,3,2024-10-28,5.147826,Pennsauken
1007,3,2024-10-29,5.9,Pennsauken
1007,3,2024-10-29,5.916667,Pennsauken
1007,3,2024-10-30,10,Pennsauken
1007,3,2024-10-30,10.066667,Pennsauken
1007,3,2024-10-31,9.7,Pennsauken
1007,3,2024-10-31,9.754167,Pennsauken
1007,3,2024-11-01,6,Pennsauken
1007,3,2024-11-01,6.026087,Pennsauken
1007,3,2024-11-02,1.4,Pennsauken
1007,3,2024-11-02,1.419048,Pennsauken
1007,3,2024-11-03,1.229412,Pennsauken
1007,3,2024-11-04,7.1,Pennsauken
1007,3,2024-11-04,7.129167,Pennsauken
1007,3,2024-11-05,10.3,Pennsauken
1007,3,2024-11-05,10.340909,Pennsauken
1007,3,2024-11-06,6.5,Pennsauken
1007,3,2024-11-06,6.583333,Pennsauken
1007,3,2024-11-07,6.7,Pennsauken
1007,3,2024-11-07,6.795238,Pennsauken
1007,3,2024-11-08,3.1,Pennsauken
1007,3,2024-11-08,3.175,Pennsauken
1007,3,2024-11-09,5.3,Pennsauken
1007,3,2024-11-09,5.37619,Pennsauken
1007,3,2024-11-10,10.5,Pennsauken
1007,3,2024-11-10,10.530435,Pennsauken
1007,3,2024-11-11,4.9,Pennsauken
1007,3,2024-11-11,4.929167,Pennsauken
1007,3,2024-11-12,1.9,Pennsauken
1007,3,2024-11-12,1.921053,Pennsauken
1007,3,2024-11-13,3.6,Pennsauken
1007,3,2024-11-13,3.644444,Pennsauken
1007,3,2024-11-14,3.6,Pennsauken
1007,3,2024-11-14,3.691304,Pennsauken
1007,3,2024-11-15,4.4,Pennsauken
1007,3,2024-11-15,4.404167,Pennsauken
1007,3,2024-11-16,4,Pennsauken
1007,3,2024-11-16,4.01,Pennsauken
1007,3,2024-11-17,5.8,Pennsauken
1007,3,2024-11-17,5.856522,Pennsauken
1007,3,2024-11-18,7.8,Pennsauken
1007,3,2024-11-18,7.870833,Pennsauken
1007,3,2024-11-19,6.9,Pennsauken
1007,3,2024-11-19,6.986957,Pennsauken
1007,3,2024-11-20,6.5,Pennsauken
1007,3,2024-11-20,6.5,Pennsauken
1007,3,2024-11-21,1.8,Pennsauken
1007,3,2024-11-21,1.886957,Pennsauken
1007,3,2024-11-22,2.1,Pennsauken
1007,3,2024-11-22,2.114286,Pennsauken
1007,3,2024-11-23,1.8,Pennsauken
1007,3,2024-11-23,1.809091,Pennsauken
1007,3,2024-11-24,2.8,Pennsauken
1007,3,2024-11-24,2.875,Pennsauken
1007,3,2024-11-25,6.9,Pennsauken
1007,3,2024-11-25,6.925,Pennsauken
1007,3,2024-11-26,5.7,Pennsauken
1007,3,2024-11-26,5.752174,Pennsauken
1007,3,2024-11-27,5.2,Pennsauken
1007,3,2024-11-27,5.279167,Pennsauken
1007,3,2024-11-28,4.8,Pennsauken
1007,3,2024-11-28,4.818182,Pennsauken
1007,3,2024-11-29,2.6,Pennsauken
1007,3,2024-11-29,2.652381,Pennsauken
1007,3,2024-11-30,2.5,Pennsauken
1007,3,2024-11-30,2.552632,Pennsauken
1007,3,2024-12-01,3.3,Pennsauken
1007,3,2024-12-01,3.370833,Pennsauken
1007,3,2024-12-02,2.7,Pennsauken
1007,3,2024-12-02,2.795652,Pennsauken
1007,3,2024-12-03,2.7,Pennsauken
1007,3,2024-12-03,2.766667,Pennsauken
1007,3,2024-12-04,5,Pennsauken
1007,3,2024-12-04,5.0375,Pennsauken
1007,3,2024-12-05,4.2,Pennsauken
1007,3,2024-12-05,4.288889,Pennsauken
1007,3,2024-12-06,0.3,Pennsauken
1007,3,2024-12-07,4.3,Pennsauken
1007,3,2024-12-07,4.334783,Pennsauken
1007,3,2024-12-08,5.5,Pennsauken
1007,3,2024-12-08,5.570833,Pennsauken
1007,3,2024-12-09,13.8,Pennsauken
1007,3,2024-12-09,13.875,Pennsauken
1007,3,2024-12-10,14.9,Pennsauken
1007,3,2024-12-10,14.904167,Pennsauken
1007,3,2024-12-11,3.6,Pennsauken
1007,3,2024-12-11,3.673913,Pennsauken
1007,3,2024-12-12,2.2,Pennsauken
1007,3,2024-12-12,2.22,Pennsauken
1007,3,2024-12-13,1.9,Pennsauken
1007,3,2024-12-13,1.98,Pennsauken
1007,3,2024-12-14,3.7,Pennsauken
1007,3,2024-12-14,3.752381,Pennsauken
1007,3,2024-12-15,6.9,Pennsauken
1007,3,2024-12-15,6.952174,Pennsauken
1007,3,2024-12-16,4.2,Pennsauken
1007,3,2024-12-16,4.245833,Pennsauken
1007,3,2024-12-17,7.4,Pennsauken
1007,3,2024-12-17,7.483333,Pennsauken
1007,3,2024-12-18,6.1,Pennsauken
1007,3,2024-12-18,6.143478,Pennsauken
1007,3,2024-12-19,2.9,Pennsauken
1007,3,2024-12-19,2.968182,Pennsauken
1007,3,2024-12-20,3.2,Pennsauken
1007,3,2024-12-20,3.229167,Pennsauken
1007,3,2024-12-21,2.586667,Pennsauken
1007,3,2024-12-22,-0.05,Pennsauken
1007,3,2024-12-23,4.1,Pennsauken
1007,3,2024-12-23,4.116667,Pennsauken
1007,3,2024-12-24,11,Pennsauken
1007,3,2024-12-24,11.047826,Pennsauken
1007,3,2024-12-25,9.3,Pennsauken
1007,3,2024-12-25,9.333333,Pennsauken
1007,3,2024-12-26,6.9,Pennsauken
1007,3,2024-12-26,6.945833,Pennsauken
1007,3,2024-12-27,14.1,Pennsauken
1007,3,2024-12-27,14.1625,Pennsauken
1007,3,2024-12-28,6.1,Pennsauken
1007,3,2024-12-28,6.186957,Pennsauken
1007,3,2024-12-29,4,Pennsauken
1007,3,2024-12-29,4.034783,Pennsauken
1007,3,2024-12-30,2.3,Pennsauken
1007,3,2024-12-30,2.386957,Pennsauken
1007,3,2024-12-31,3.3,Pennsauken
1007,3,2024-12-31,3.368182,Pennsauken
